ticket_number,name,phone_number,address,solicitor
01001,John Smith,09123456789,Boloc-boloc,Maria Cruz
01002,Jane Doe,09234567890,Cabacnitan,Jose Santos
01003,Robert Johnson,09345678901,Cambagte,Ana Rodriguez
01004,Susan Wilson,09456789012,Candugay,Carlos Martinez
01005,Michael Brown,09567890123,Candulao,Maria Garcia
01006,Linda Davis,09678901234,Dañan, Juanito Reyes
01007,William Lee,09789012345,Duangan,Isabel Hernandez
01008,Mary Miller,09890123456,Lunas, Ramon Gonzales
01009,David Anderson,09901234567, Malatbo, Carmen Torres
01010,Laura Thomas,09112345678, Malon, Roberto Fernandez
01011,James Wilson,09223456789, Mandayao, Lourdes Lopez
01012,Patricia Clark,09334567890, Mangaco, Francisco Cruz
01013,Joseph White,09445678901, Nagsangalan, Lea Santos
01014,Cynthia Harris,09556789012, Nagbo-alao, Manuel Rodriguez
01015,Charles Moore,09667890123, Nagbo-oslob, Maricar Martinez
01016,Karen Taylor,09778901234, Oluan, Alberto Garcia
01017,Thomas Lewis,09889012345, Osa-osahan, Maria Teresa Reyes
01018,Linda Martinez,09990123456, Palanas, Emilio Hernandez
01019,Christopher Hall,09101234567, Poblacion, Estela Gonzales
01020,Sandra Garcia,09212345678, Sacsac, Fernando Torres
01021,Michael Jackson,09323456789, San Roque, Lorena Fernandez
01022,Elizabeth Davis,09434567890, Santa Cruz, Arnold Cruz
01023,John Taylor,09545678901, Santa Filomena, Anna Santos
01024,Patricia Martin,09656789012, Santa Rosa, Joaquin Rodriguez
01025,William Anderson,09767890123, Santo Niño, Eliza Martinez
01026,Mary Robinson,09878901234, Sapa, Rodrigo Garcia
01027,David Thomas,09989012345, Tubod, Marites Reyes
01028,Laura Lewis,09190123456, Tumalog, Luis Hernandez
01029,James Brown,09201234567, Valladolid, Florita Torres
01030,Susan Taylor,09312345678, Vito, Dominador Gonzales
01031,Michael Johnson,09423456789, Vitovit, Luningning Cruz
01032,Linda Davis,09534567890, Zaragosa, Luisito Santos
01033,William White,09645678901, Bulok, Gloria Rodriguez
01034,Karen Smith,09756789012, Cambaguio, Josefino Martinez
01035,Robert Harris,09867890123, Ginatilan, Maria Clara Garcia
01036,Elizabeth Clark,09978901234, Hingatmonan, Carlos Reyes
01037,Joseph Martin,09189012345, Inopacan, Imelda Hernandez
01038,Cynthia Moore,09290123456, Kahaponan, Eduardo Torres
01039,Christopher Hall,09301234567, Kanlagon, Consuelo Fernandez
01040,Patricia Garcia,09412345678, Kantubaon, Santiago Cruz
01041,Charles Davis,09523456789, Kanyuko, Melanie Santos
01042,Sandra Martinez,09634567890, Kansantihan, Ernesto Rodriguez
01043,Michael Wilson,09745678901, Kawasan, Cristina Martinez
01044,Linda Anderson,09856789012, Lantawan, Leandro Garcia
01045,William Jackson,09967890123, Luhod, Aurora Reyes
01046,John Johnson,09123456789, Malbago, Rolando Hernandez
01047,Emily Davis,09234567890, Manggalang, Marilou Torres
01048,Michael Wilson,09345678901, Nagbo, Pedro Gonzales
01049,Linda Harris,09456789012, Pindahan, Elena Santos
01050,James Martin,09567890123, Talayong, Maximo Rodriguez
01051,Patricia Taylor,09678901234, Tamala-an, Ofelia Martinez
01052,Robert Anderson,09789012345, Tampi, Martin Garcio
03807,Ryla B. Dumam-ag,09123456789,Alegria,Ryla B. Dumam-ag
03808,Ryla B. Dumam-ag,09123456789,Alegria,Ryla B. Dumam-ag
03809,Ryla B. Dumam-ag,09123456789,Alegria,Ryla B. Dumam-ag
03810,Ryla B. Dumam-ag,09123456789,Alegria,Ryla B. Dumam-ag
03811,Ryla B. Dumam-ag,09123456789,Alegria,Ryla B. Dumam-ag
03812,Ryla B. Dumam-ag,09123456789,Alegria,Ryla B. Dumam-ag
03813,Ryla B. Dumam-ag,09123456789,Alegria,Ryla B. Dumam-ag
03814,Ryla B. Dumam-ag,09123456789,Alegria,Ryla B. Dumam-ag
03815,Ryla B. Dumam-ag,09123456789,Alegria,Ryla B. Dumam-ag
03816,Ryla B. Dumam-ag,09123456789,Alegria,Ryla B. Dumam-ag
03817,Ryla B. Dumam-ag,09123456789,Alegria,Ryla B. Dumam-ag
03818,Ryla B. Dumam-ag,09123456789,Alegria,Ryla B. Dumam-ag
03819,Ryla B. Dumam-ag,09123456789,Alegria,Ryla B. Dumam-ag
03820,Ryla B. Dumam-ag,09123456789,Alegria,Ryla B. Dumam-ag
03821,Ryla B. Dumam-ag,09123456789,Alegria,Ryla B. Dumam-ag
03822,Ryla B. Dumam-ag,09123456789,Alegria,Ryla B. Dumam-ag
03823,Ryla B. Dumam-ag,09123456789,Alegria,Ryla B. Dumam-ag
03824,Ryla B. Dumam-ag,09123456789,Alegria,Ryla B. Dumam-ag
03825,Ryla B. Dumam-ag,09123456789,Alegria,Ryla B. Dumam-ag
03826,Ryla B. Dumam-ag,09123456789,Alegria,Ryla B. Dumam-ag
03827,Ryla B. Dumam-ag,09123456789,Alegria,Ryla B. Dumam-ag
03828,Ryla B. Dumam-ag,09123456789,Alegria,Ryla B. Dumam-ag
03829,Charlie Angel V. Hijara,09123456789,Alegria,Charlie Angel V. Hijara
03830,Charlie Angel V. Hijara,09123456789,Alegria,Charlie Angel V. Hijara
03831,Charlie Angel V. Hijara,09123456789,Alegria,Charlie Angel V. Hijara
03832,Charlie Angel V. Hijara,09123456789,Alegria,Charlie Angel V. Hijara
03833,Charlie Angel V. Hijara,09123456789,Alegria,Charlie Angel V. Hijara
03834,Charlie Angel V. Hijara,09123456789,Alegria,Charlie Angel V. Hijara
03835,Charlie Angel V. Hijara,09123456789,Alegria,Charlie Angel V. Hijara
03836,Charlie Angel V. Hijara,09123456789,Alegria,Charlie Angel V. Hijara
03837,Charlie Angel V. Hijara,09123456789,Alegria,Charlie Angel V. Hijara
03838,Charlie Angel V. Hijara,09123456789,Alegria,Charlie Angel V. Hijara
03839,Charlie Angel V. Hijara,09123456789,Alegria,Charlie Angel V. Hijara
03840,Charlie Angel V. Hijara,09123456789,Alegria,Charlie Angel V. Hijara
03841,Charlie Angel V. Hijara,09123456789,Alegria,Charlie Angel V. Hijara
03842,Charlie Angel V. Hijara,09123456789,Alegria,Charlie Angel V. Hijara
03843,Charlie Angel V. Hijara,09123456789,Alegria,Charlie Angel V. Hijara
03844,Charlie Angel V. Hijara,09123456789,Alegria,Charlie Angel V. Hijara
03845,Charlie Angel V. Hijara,09123456789,Alegria,Charlie Angel V. Hijara
03846,Charlie Angel V. Hijara,09123456789,Alegria,Charlie Angel V. Hijara
03847,Charlie Angel V. Hijara,09123456789,Alegria,Charlie Angel V. Hijara
03848,Charlie Angel V. Hijara,09123456789,Alegria,Charlie Angel V. Hijara
03849,Charlie Angel V. Hijara,09123456789,Alegria,Charlie Angel V. Hijara
03850,Charlie Angel V. Hijara,09123456789,Alegria,Charlie Angel V. Hijara